<?xml version="1.0" encoding="UTF-8"?>
<!DOCTYPE generatorConfiguration PUBLIC "-//mybatis.org//DTD MyBatis Generator Configuration 1.0//EN" "http://mybatis.org/dtd/mybatis-generator-config_1_0.dtd">
<generatorConfiguration>
    <!-- 数据库驱动包位置 -->
    <classPathEntry location="mysql-connector-java-5.1.37.jar" /> <!-- 1 -->
    <context id="generateContext" targetRuntime="MyBatis3">
        <commentGenerator>
            <property name="suppressAllComments" value="true" />
        </commentGenerator>
        <!-- 数据库链接URL、用户名、密码 -->
        <jdbcConnection driverClass="com.mysql.jdbc.Driver" connectionURL="jdbc:mysql://localhost:3306/exam?characterEncoding=utf8" userId="exam" password="exam">  <!-- 2 -->
        </jdbcConnection>
        <javaTypeResolver>
            <property name="forceBigDecimals" value="false" />
        </javaTypeResolver>
        <!-- 生成模型的包名和位置 --> <!-- 3 -->
        <javaModelGenerator targetPackage="xxx.yyy.zzz.entity" targetProject="D:/orm">
            <property name="enableSubPackages" value="true" />
            <property name="trimStrings" value="true" />
        </javaModelGenerator>
        <!-- 生成的映射文件包名和位置 --> <!-- 4 -->
        <sqlMapGenerator targetPackage="mapper" targetProject="D:/orm">
            <property name="enableSubPackages" value="true" />
        </sqlMapGenerator>
        <!-- 生成DAO的包名和位置 --> <!-- 5 -->
        <javaClientGenerator type="XMLMAPPER" targetPackage="xxx.yyy.zzz.dao" targetProject="D:/orm">
            <property name="enableSubPackages" value="true" />
        </javaClientGenerator>
        <!-- 要生成那些表(更改tableName和domainObjectName就可以) --><!-- 6 -->
        <table tableName="exam_record" domainObjectName="ExamRecord" />
        <table tableName="sys_user" domainObjectName="SysUser" />
        <table tableName="teacher" domainObjectName="Teacher" />
        <table tableName="techer_exam_rela" domainObjectName="TecherExamRela" />

    </context>
</generatorConfiguration>
